id,name,era,source,width,height,mode,sha256,group,purpose,selected,directUse,supplement,check
E08,凡尔赛条约,通用,卡牌/事件/凡尔赛条约.png,761,1249,RGBA,edf612d46e610fac863f1c0a59f003b47b2108896336e929191920636fac0321,其他原图,备选，不纳入首批生成参考,False,完整原图可直接展示，保留比例、中文和数值,无；直接引用,来源与尺寸已核对；宣传仅采用标题与概括机制，不引用印刷数值
back-event,卡背,通用,卡牌/事件/卡背.png,869,1249,RGBA,cbeb4539e6f0216c19b0ea58371c7559dcfbcc9759c85fdfb958df3dcf71f90d,玩家代入,直接展示桌游；资源、卡背或版图,True,完整原图可直接展示，保留比例、中文和数值,无；直接引用,来源与尺寸已核对；宣传仅采用标题与概括机制，不引用印刷数值
E13,发射人造地球卫星,通用,卡牌/事件/发射人造地球卫星.jpg,776,1250,CMYK,738787265d3f35ab5ca2d505748747c305424ba7a59a4acbe8a5aef21d87d573,其他原图,备选，不纳入首批生成参考,False,完整原图可直接展示，保留比例、中文和数值,无；直接引用,来源与尺寸已核对；宣传仅采用标题与概括机制，不引用印刷数值
E01,尤里卡,通用,卡牌/事件/尤里卡.png,761,1249,RGBA,63c4a60c9fda82e36873be86e7c0fa52999c374d542375d878e3f0fccc7e42fd,其他原图,备选，不纳入首批生成参考,False,完整原图可直接展示，保留比例、中文和数值,无；直接引用,来源与尺寸已核对；宣传仅采用标题与概括机制，不引用印刷数值
E04,张骞出使西域,通用,卡牌/事件/张骞出使西域.png,761,1248,RGBA,4067418f2327de20404bc6294963f265564b598832aae23aa6de35a653fcd271,其他原图,备选，不纳入首批生成参考,False,完整原图可直接展示，保留比例、中文和数值,无；直接引用,来源与尺寸已核对；宣传仅采用标题与概括机制，不引用印刷数值
E12,文艺复兴,通用,卡牌/事件/文艺复兴.png,762,1249,RGBA,028512e11866074f97d9995f122822942f28a9c1a52e33b95e9ab9bd60ce7538,其他原图,备选，不纳入首批生成参考,False,完整原图可直接展示，保留比例、中文和数值,无；直接引用,来源与尺寸已核对；宣传仅采用标题与概括机制，不引用印刷数值
E14,月光社,通用,卡牌/事件/月光社.jpg,776,1311,CMYK,f65abce2a59ba1bab09fc596217c66766140fdc487525243d5d4686a6fcc19dd,其他原图,备选，不纳入首批生成参考,False,完整原图可直接展示，保留比例、中文和数值,无；直接引用,来源与尺寸已核对；宣传仅采用标题与概括机制，不引用印刷数值
E11,柏林墙,通用,卡牌/事件/柏林墙.jpg,777,1250,CMYK,e85a03afadbeec804a11ab6b16eb369fc9abd6e5b685785a370e00a4fec85d45,其他原图,备选，不纳入首批生成参考,False,完整原图可直接展示，保留比例、中文和数值,无；直接引用,来源与尺寸已核对；宣传仅采用标题与概括机制，不引用印刷数值
E10,泡沫经济,通用,卡牌/事件/泡沫经济.jpg,776,1250,CMYK,8faabb097063efea637a0f94506f16c1f9762e2ba161118f04e45cdf74cac285,其他原图,备选，不纳入首批生成参考,False,完整原图可直接展示，保留比例、中文和数值,无；直接引用,来源与尺寸已核对；宣传仅采用标题与概括机制，不引用印刷数值
E09,火烧大图书馆,通用,卡牌/事件/火烧大图书馆.png,761,1249,RGBA,75f893d37f70663c36269b7cd0b24146c8eb2f695cdd3918cf4d746a9dcc7d51,其他原图,备选，不纳入首批生成参考,False,完整原图可直接展示，保留比例、中文和数值,无；直接引用,来源与尺寸已核对；宣传仅采用标题与概括机制，不引用印刷数值
E05,盐铁之议,通用,卡牌/事件/盐铁之议.png,761,1249,RGBA,c4dd6722540bf19c92342df4565a7deb2cf8ad73130671e97b1c5a46d411adfc,其他原图,备选，不纳入首批生成参考,False,完整原图可直接展示，保留比例、中文和数值,无；直接引用,来源与尺寸已核对；宣传仅采用标题与概括机制，不引用印刷数值
E06,第二次鼠疫大流行,通用,卡牌/事件/第二次鼠疫大流行.jpg,777,1250,CMYK,cd1c0a21f74c7c549ddb95e213441b2fe9c46ce8a0ceef91fbe8d4b9eceeca46,其他原图,备选，不纳入首批生成参考,False,完整原图可直接展示，保留比例、中文和数值,无；直接引用,来源与尺寸已核对；宣传仅采用标题与概括机制，不引用印刷数值
E03,统一度量衡,通用,卡牌/事件/统一度量衡.png,761,1248,RGBA,613cb08a9675d03719ef52d5cc955c8a5d69292d39eb7b7e310a7d31605b09a1,其他原图,备选，不纳入首批生成参考,False,完整原图可直接展示，保留比例、中文和数值,无；直接引用,来源与尺寸已核对；宣传仅采用标题与概括机制，不引用印刷数值
E07,郑和下西洋,通用,卡牌/事件/郑和下西洋.png,761,1249,RGBA,76f2c2aec1e628d56e4d1fd0cd5f189210816fa1661c451e0dbb4bbc660297d2,其他原图,备选，不纳入首批生成参考,False,完整原图可直接展示，保留比例、中文和数值,无；直接引用,来源与尺寸已核对；宣传仅采用标题与概括机制，不引用印刷数值
E02,都江堰,通用,卡牌/事件/都江堰.png,762,1249,RGBA,e93fa344a20c45a797ee991e297f97efaf7616bde2a8ba8a3de65aba6bee002a,其他原图,备选，不纳入首批生成参考,False,完整原图可直接展示，保留比例、中文和数值,无；直接引用,来源与尺寸已核对；宣传仅采用标题与概括机制，不引用印刷数值
W04-1,兵马俑,时代 1,卡牌/奇观/时代1/兵马俑.jpg,759,1237,CMYK,94f343ef3ec3e98356b520b5aec7c2dacf142e2681db4b2ac07168da5f953302,其他原图,备选，不纳入首批生成参考,False,完整原图可直接展示，保留比例、中文和数值,无；直接引用,来源与尺寸已核对；宣传仅采用标题与概括机制，不引用印刷数值
back-wonder-1,卡背,时代 1,卡牌/奇观/时代1/卡背.png,863,1368,RGBA,2fb16057132908f5b7d56f21d2795f9ef5af24abac56059c13770989f11f763f,玩家代入,直接展示桌游；资源、卡背或版图,True,完整原图可直接展示，保留比例、中文和数值,无；直接引用,来源与尺寸已核对；宣传仅采用标题与概括机制，不引用印刷数值
W02-1,巨石阵,时代 1,卡牌/奇观/时代1/巨石阵.jpg,759,1237,CMYK,cb85ccca27f6d2e2cfe6c3be490abcf6c79dd53380b3722b2416bd637c4a2a3d,其他原图,备选，不纳入首批生成参考,False,完整原图可直接展示，保留比例、中文和数值,无；直接引用,来源与尺寸已核对；宣传仅采用标题与概括机制，不引用印刷数值
W06-1,悬空寺,时代 1,卡牌/奇观/时代1/悬空寺.jpg,758,1237,CMYK,0b3eed9fddf1cf49a5d45a6fbb9dfc7275cd8a4737b8d53701017d5563c9750c,其他原图,备选，不纳入首批生成参考,False,完整原图可直接展示，保留比例、中文和数值,无；直接引用,来源与尺寸已核对；宣传仅采用标题与概括机制，不引用印刷数值
W03-1,空中花园,时代 1,卡牌/奇观/时代1/空中花园.jpg,758,1237,CMYK,7a94f0a2120a46286566cbebf070b2733fa11cd1028c07286e35a42b23046550,其他原图,备选，不纳入首批生成参考,False,完整原图可直接展示，保留比例、中文和数值,无；直接引用,来源与尺寸已核对；宣传仅采用标题与概括机制，不引用印刷数值
W05-1,莫高窟,时代 1,卡牌/奇观/时代1/莫高窟.jpg,758,1237,CMYK,4239c342baa418a707fe87f73a5c4e56c121773ab19aa32ce8af4d591e133e41,文明奇观,世代协作的可见成果；各地点独立展示,True,完整原图可直接展示，保留比例、中文和数值,环境扩展/独立场景,来源与尺寸已核对；宣传仅采用标题与概括机制，不引用印刷数值
W01-1,金字塔,时代 1,卡牌/奇观/时代1/金字塔.jpg,758,1237,CMYK,263749928502aa5ffaaa3b87c31edafc88dc73b12978bea1dbb073632dd1d44f,文明奇观,世代协作的可见成果；各地点独立展示,True,完整原图可直接展示，保留比例、中文和数值,环境扩展/独立场景,来源与尺寸已核对；宣传仅采用标题与概括机制，不引用印刷数值
W04-2,兵马俑,时代 2,卡牌/奇观/时代2/兵马俑.jpg,759,1238,CMYK,43f91f7f33ef9c11b173b6e6751e8af25e91f832bd77a2e6d4ba2e50ddaa7beb,其他原图,备选，不纳入首批生成参考,False,完整原图可直接展示，保留比例、中文和数值,无；直接引用,来源与尺寸已核对；宣传仅采用标题与概括机制，不引用印刷数值
back-wonder-2,卡背,时代 2,卡牌/奇观/时代2/卡背.png,863,1368,RGBA,7f203d64227a4645ce04527c01d6fa4e25f7764ddc956a19cd162b1b27973e46,玩家代入,直接展示桌游；资源、卡背或版图,True,完整原图可直接展示，保留比例、中文和数值,无；直接引用,来源与尺寸已核对；宣传仅采用标题与概括机制，不引用印刷数值
W02-2,巨石阵,时代 2,卡牌/奇观/时代2/巨石阵.jpg,759,1238,CMYK,328a0d43ba8bc1fc6a371506a4d502db978bd2e76e0d1baf125bc0c2eb94522c,其他原图,备选，不纳入首批生成参考,False,完整原图可直接展示，保留比例、中文和数值,无；直接引用,来源与尺寸已核对；宣传仅采用标题与概括机制，不引用印刷数值
W06-2,悬空寺,时代 2,卡牌/奇观/时代2/悬空寺.jpg,760,1238,CMYK,1d9ce3ff27066c100ab0f5a624997bc1ad9353a1edf89698ca92ee8bcf117719,其他原图,备选，不纳入首批生成参考,False,完整原图可直接展示，保留比例、中文和数值,无；直接引用,来源与尺寸已核对；宣传仅采用标题与概括机制，不引用印刷数值
W03-2,空中花园,时代 2,卡牌/奇观/时代2/空中花园.jpg,758,1238,CMYK,d2078dc134ae77044245dc99245bcd60a2b908673746cd48ffe17562cfba0d1e,其他原图,备选，不纳入首批生成参考,False,完整原图可直接展示，保留比例、中文和数值,无；直接引用,来源与尺寸已核对；宣传仅采用标题与概括机制，不引用印刷数值
W05-2,莫高窟,时代 2,卡牌/奇观/时代2/莫高窟.jpg,758,1238,CMYK,9c7ca2da57179caf6389a6b3aad1cbb842403cfa767072eefaaa44582d2fe619,文明奇观,世代协作的可见成果；各地点独立展示,True,完整原图可直接展示，保留比例、中文和数值,环境扩展/独立场景,来源与尺寸已核对；宣传仅采用标题与概括机制，不引用印刷数值
W01-2,金字塔,时代 2,卡牌/奇观/时代2/金字塔.jpg,758,1238,CMYK,7cf7ec8ebd42754e5140784295b72a495ee0bed3be2bccd97c2ba9c5aadd3d12,文明奇观,世代协作的可见成果；各地点独立展示,True,完整原图可直接展示，保留比例、中文和数值,环境扩展/独立场景,来源与尺寸已核对；宣传仅采用标题与概括机制，不引用印刷数值
W10-3,ENIAC,时代 3,卡牌/奇观/时代3/ENIAC.png,767,1163,RGBA,548800d41a9d5529b871ae9bb58e568b5488f606ae4401aa8d31a75de6077295,其他原图,备选，不纳入首批生成参考,False,完整原图可直接展示，保留比例、中文和数值,无；直接引用,来源与尺寸已核对；宣传仅采用标题与概括机制，不引用印刷数值
back-wonder-3,卡背,时代 3,卡牌/奇观/时代3/卡背.png,863,1368,RGBA,91a17870ff095bae0ea34c33865372ffdf4e782d419b495d6a9d973d50d19758,玩家代入,直接展示桌游；资源、卡背或版图,True,完整原图可直接展示，保留比例、中文和数值,无；直接引用,来源与尺寸已核对；宣传仅采用标题与概括机制，不引用印刷数值
W09-3,埃菲尔铁塔,时代 3,卡牌/奇观/时代3/埃菲尔铁塔.jpg,758,1238,CMYK,523cf8172e462c6a0b9d44646c12dbb06643e48d8c302243161a3b7ed14394ae,其他原图,备选，不纳入首批生成参考,False,完整原图可直接展示，保留比例、中文和数值,无；直接引用,来源与尺寸已核对；宣传仅采用标题与概括机制，不引用印刷数值
W12-3,大庆油田,时代 3,卡牌/奇观/时代3/大庆油田.png,767,1162,RGBA,32b5ccec8fa1caa85b99522de89749c889c8850dcb98699903f3bba413ee7445,其他原图,备选，不纳入首批生成参考,False,完整原图可直接展示，保留比例、中文和数值,无；直接引用,来源与尺寸已核对；宣传仅采用标题与概括机制，不引用印刷数值
W07-3,紫禁城,时代 3,卡牌/奇观/时代3/紫禁城.jpg,758,1238,CMYK,5e7e0b680b32ac4330e62cb17b8cf1044fd6ac8cf06081c3c46cf88c2e33ad39,其他原图,备选，不纳入首批生成参考,False,完整原图可直接展示，保留比例、中文和数值,无；直接引用,来源与尺寸已核对；宣传仅采用标题与概括机制，不引用印刷数值
W08-3,苏伊士运河,时代 3,卡牌/奇观/时代3/苏伊士运河.jpg,759,1238,CMYK,7a58276fb9ad8b1ba31c7967228c0c17ee90ba4a44b351e0eb41b99406a675b1,文明奇观,世代协作的可见成果；各地点独立展示,True,完整原图可直接展示，保留比例、中文和数值,环境扩展/独立场景,来源与尺寸已核对；宣传仅采用标题与概括机制，不引用印刷数值
W11-3,青藏铁路,时代 3,卡牌/奇观/时代3/青藏铁路.png,767,1172,RGBA,b16fd9fe8e68c9a09667abf7c00b6527d6a8751e0f57dfdfe65d1f6592b4c80b,文明奇观,世代协作的可见成果；各地点独立展示,True,完整原图可直接展示，保留比例、中文和数值,环境扩展/独立场景,来源与尺寸已核对；宣传仅采用标题与概括机制，不引用印刷数值
W10-4,ENIAC,时代 4,卡牌/奇观/时代4/ENIAC.png,767,1164,RGBA,8e946bdf99981622dccd2d0359f696caf636d27348092b199fc1e5439fe271ae,其他原图,备选，不纳入首批生成参考,False,完整原图可直接展示，保留比例、中文和数值,无；直接引用,来源与尺寸已核对；宣传仅采用标题与概括机制，不引用印刷数值
back-wonder-4,卡背,时代 4,卡牌/奇观/时代4/卡背.png,863,1368,RGBA,dc1ff85be6d9abe818dfbb51c8bd3b5d0dee984626d59bf7e6372791cdd2c217,玩家代入,直接展示桌游；资源、卡背或版图,True,完整原图可直接展示，保留比例、中文和数值,无；直接引用,来源与尺寸已核对；宣传仅采用标题与概括机制，不引用印刷数值
W09-4,埃菲尔铁塔,时代 4,卡牌/奇观/时代4/埃菲尔铁塔.jpg,758,1238,CMYK,0a6920256dff38c09d1e768b722efa329c61041745c12e0e9a2069c745a966a1,其他原图,备选，不纳入首批生成参考,False,完整原图可直接展示，保留比例、中文和数值,无；直接引用,来源与尺寸已核对；宣传仅采用标题与概括机制，不引用印刷数值
W12-4,大庆油田,时代 4,卡牌/奇观/时代4/大庆油田.png,767,1163,RGBA,0455fccd90dcee01485dbaad935632957102c421579dc988c18979cde0cf15fa,其他原图,备选，不纳入首批生成参考,False,完整原图可直接展示，保留比例、中文和数值,无；直接引用,来源与尺寸已核对；宣传仅采用标题与概括机制，不引用印刷数值
W07-4,紫禁城,时代 4,卡牌/奇观/时代4/紫禁城.jpg,758,1238,CMYK,fb729ee59faa5a4aecc93094222b8c9a1e159af9d90c3ff41d473d55d3698870,其他原图,备选，不纳入首批生成参考,False,完整原图可直接展示，保留比例、中文和数值,无；直接引用,来源与尺寸已核对；宣传仅采用标题与概括机制，不引用印刷数值
W08-4,苏伊士运河,时代 4,卡牌/奇观/时代4/苏伊士运河.jpg,759,1238,CMYK,02424751570d1fed6edb19131434fd7fb4fb3de0180740a4357641ece7821cf7,文明奇观,世代协作的可见成果；各地点独立展示,True,完整原图可直接展示，保留比例、中文和数值,环境扩展/独立场景,来源与尺寸已核对；宣传仅采用标题与概括机制，不引用印刷数值
W11-4,青藏铁路,时代 4,卡牌/奇观/时代4/青藏铁路.png,768,1167,RGBA,6ff2f7c3092f66014863788cd716d58e1ca786ad2aac2ec5119457363cb799c9,文明奇观,世代协作的可见成果；各地点独立展示,True,完整原图可直接展示，保留比例、中文和数值,环境扩展/独立场景,来源与尺寸已核对；宣传仅采用标题与概括机制，不引用印刷数值
W14-5,FAST,时代 5,卡牌/奇观/时代5/FAST.png,767,1163,RGBA,74af78158d7c836d55bd62959847b095764fa2c877080490159d31214b30b66d,文明奇观,世代协作的可见成果；各地点独立展示,True,完整原图可直接展示，保留比例、中文和数值,环境扩展/独立场景,来源与尺寸已核对；宣传仅采用标题与概括机制，不引用印刷数值
W13-5,人类基因组计划,时代 5,卡牌/奇观/时代5/人类基因组计划.png,767,1163,RGBA,a8341d54ea1949ae4c0871a4ef02cd6884b7f7aa247abe47f456feff54b20484,其他原图,备选，不纳入首批生成参考,False,完整原图可直接展示，保留比例、中文和数值,无；直接引用,来源与尺寸已核对；宣传仅采用标题与概括机制，不引用印刷数值
back-wonder-5,卡背,时代 5,卡牌/奇观/时代5/卡背.png,862,1368,RGBA,c38da259defa53a2ecbca6c9c4daa23fdfc6653e860b8ee10384c71348ab4c88,玩家代入,直接展示桌游；资源、卡背或版图,True,完整原图可直接展示，保留比例、中文和数值,无；直接引用,来源与尺寸已核对；宣传仅采用标题与概括机制，不引用印刷数值
W15-5,知春创新中心,时代 5,卡牌/奇观/时代5/知春创新中心.png,767,1163,RGBA,bbe29980754807fe14519f3950f354ebe7065590c9c5b93fcdff3d1c55470e49,其他原图,备选，不纳入首批生成参考,False,完整原图可直接展示，保留比例、中文和数值,无；直接引用,来源与尺寸已核对；宣传仅采用标题与概括机制，不引用印刷数值
,卡背,时代 1,卡牌/科技/专利/时代1/卡背.png,784,1221,RGBA,15ca51953d31da05ac3ef31fca8e3db7f40bbeb576ab4e8db3f2f08308799086,玩家代入,直接展示桌游；资源、卡背或版图,True,完整原图可直接展示，保留比例、中文和数值,无；直接引用,来源与尺寸已核对；宣传仅采用标题与概括机制，不引用印刷数值
T1-12,四元素说,时代 1,卡牌/科技/专利/时代1/四元素说.png,802,1248,RGBA,1c818d0c6de9dffd445aeaa3715bbe06972e8f9d5cba32de2b0681d3cbc4db1f,其他原图,备选，不纳入首批生成参考,False,完整原图可直接展示，保留比例、中文和数值,无；直接引用,来源与尺寸已核对；宣传仅采用标题与概括机制，不引用印刷数值
T1-11,大型水利工程,时代 1,卡牌/科技/专利/时代1/大型水利工程.png,802,1240,RGBA,123583481e6dd17f4382f9ccc53d042a308ec3527a43c2ca732ef9346b97cd87,其他原图,备选，不纳入首批生成参考,False,完整原图可直接展示，保留比例、中文和数值,无；直接引用,来源与尺寸已核对；宣传仅采用标题与概括机制，不引用印刷数值
T1-08,天文观测,时代 1,卡牌/科技/专利/时代1/天文观测.png,802,1246,RGBA,9afc6c6288802a8a86d482ca546bd505b35961c4220358157a3798ba437cc2d8,其他原图,备选，不纳入首批生成参考,False,完整原图可直接展示，保留比例、中文和数值,无；直接引用,来源与尺寸已核对；宣传仅采用标题与概括机制，不引用印刷数值
T1-06,文字与计数,时代 1,卡牌/科技/专利/时代1/文字与计数.png,802,1239,RGBA,37d732363917661c44c6b98169933409d1bd4968d6f4a5e620d70d8e6768da2c,知识积累与传播,经验转化为知识；传播与探索,True,完整原图可直接展示，保留比例、中文和数值,环境扩展/独立场景,来源与尺寸已核对；宣传仅采用标题与概括机制，不引用印刷数值
T1-09,青铜与铁器冶炼,时代 1,卡牌/科技/专利/时代1/青铜与铁器冶炼.png,802,1240,RGBA,270d0001afee544aebb147d9d3fccdee65abaf6096ae27da7f78a1e0dc0133bf,其他原图,备选，不纳入首批生成参考,False,完整原图可直接展示，保留比例、中文和数值,无；直接引用,来源与尺寸已核对；宣传仅采用标题与概括机制，不引用印刷数值
T2-10,伽利略运动学,时代 2,卡牌/科技/专利/时代2/伽利略运动学.png,802,1240,RGBA,a7203a22106a5d31e2c776fc2e23e84991e80347a84d5d350d24b146c7733b69,其他原图,备选，不纳入首批生成参考,False,完整原图可直接展示，保留比例、中文和数值,无；直接引用,来源与尺寸已核对；宣传仅采用标题与概括机制，不引用印刷数值
,卡背,时代 2,卡牌/科技/专利/时代2/卡背.png,785,1221,RGBA,c9072beeed1d5cb56e4548d9bb879a2cfcc3684c6fd083e92ea8e1cac497bced,玩家代入,直接展示桌游；资源、卡背或版图,True,完整原图可直接展示，保留比例、中文和数值,无；直接引用,来源与尺寸已核对；宣传仅采用标题与概括机制，不引用印刷数值
T2-05,地心宇宙体系,时代 2,卡牌/科技/专利/时代2/地心宇宙体系.png,802,1247,RGBA,33246663ced03352bc608dcbc28d9a4d8ce86918958279b52dc9851de132d869,其他原图,备选，不纳入首批生成参考,False,完整原图可直接展示，保留比例、中文和数值,无；直接引用,来源与尺寸已核对；宣传仅采用标题与概括机制，不引用印刷数值
T2-09,日心说,时代 2,卡牌/科技/专利/时代2/日心说.png,802,1248,RGBA,9218b62c74da834c63536fc56b0614a47b5ab886cc11e8dceebe5c641825b407,其他原图,备选，不纳入首批生成参考,False,完整原图可直接展示，保留比例、中文和数值,无；直接引用,来源与尺寸已核对；宣传仅采用标题与概括机制，不引用印刷数值
T2-03,杠杆滑轮与机械原理,时代 2,卡牌/科技/专利/时代2/杠杆滑轮与机械原理.png,803,1239,RGBA,64259dd8fe07026c319b083535654817c3257c33847ab01ffa8fcab8b82515fd,其他原图,备选，不纳入首批生成参考,False,完整原图可直接展示，保留比例、中文和数值,无；直接引用,来源与尺寸已核对；宣传仅采用标题与概括机制，不引用印刷数值
T2-08,火药与早期化学,时代 2,卡牌/科技/专利/时代2/火药与早期化学.png,802,1245,RGBA,13107d68291ccc4502b0cf65dfa4ce8799dd85a86cf8f4f882f3c850cf9d0ecb,其他原图,备选，不纳入首批生成参考,False,完整原图可直接展示，保留比例、中文和数值,无；直接引用,来源与尺寸已核对；宣传仅采用标题与概括机制，不引用印刷数值
T1-07,算术与几何,时代 2,卡牌/科技/专利/时代2/算术与几何.png,802,1245,RGBA,56cb74428a639e490a4127f34b78ce524d3ec47d65746bc3529db1fb796ad3ee,其他原图,备选，不纳入首批生成参考,False,完整原图可直接展示，保留比例、中文和数值,无；直接引用,来源与尺寸已核对；宣传仅采用标题与概括机制，不引用印刷数值
T2-07,造纸与印刷,时代 2,卡牌/科技/专利/时代2/造纸与印刷.png,802,1240,RGBA,e38ca0b8837cfc06e1df427546ce916500888df9192dd179e6e0bb14ad67201d,知识积累与传播,经验转化为知识；传播与探索,True,完整原图可直接展示，保留比例、中文和数值,环境扩展/独立场景,来源与尺寸已核对；宣传仅采用标题与概括机制，不引用印刷数值
,卡背,时代 3,卡牌/科技/专利/时代3/卡背.png,785,1221,RGBA,941ea5efa2cd26e5b58dd9647db54c271424913fa8b9dca5be7f70316d26e490,玩家代入,直接展示桌游；资源、卡背或版图,True,完整原图可直接展示，保留比例、中文和数值,无；直接引用,来源与尺寸已核对；宣传仅采用标题与概括机制，不引用印刷数值
T3-03,微积分,时代 3,卡牌/科技/专利/时代3/微积分.jpg,783,1230,CMYK,9d2be2c30bbe9768c38261554adb36b627cf17aa263d3e8fa0609b5a3419231d,其他原图,备选，不纳入首批生成参考,False,完整原图可直接展示，保留比例、中文和数值,无；直接引用,来源与尺寸已核对；宣传仅采用标题与概括机制，不引用印刷数值
T3-08,机械化工业,时代 3,卡牌/科技/专利/时代3/机械化工业.jpg,782,1231,CMYK,1e52e95a14cab893223b0bf28b64f4efd2577b6548f2efe67c1aae39d53ac597,其他原图,备选，不纳入首批生成参考,False,完整原图可直接展示，保留比例、中文和数值,无；直接引用,来源与尺寸已核对；宣传仅采用标题与概括机制，不引用印刷数值
T3-07,热力学,时代 3,卡牌/科技/专利/时代3/热力学.jpg,784,1230,CMYK,034aa4d3fb5d8e11e41ec764ab9e00fa4b5954a4de9dca3caf951ed595e02ca2,其他原图,备选，不纳入首批生成参考,False,完整原图可直接展示，保留比例、中文和数值,无；直接引用,来源与尺寸已核对；宣传仅采用标题与概括机制，不引用印刷数值
T3-04,燃素说,时代 3,卡牌/科技/专利/时代3/燃素说.jpg,783,1233,CMYK,b1c77417fa32441bea495a34bc89b7d07394aa949143247bacb9d27eeb768258,其他原图,备选，不纳入首批生成参考,False,完整原图可直接展示，保留比例、中文和数值,无；直接引用,来源与尺寸已核对；宣传仅采用标题与概括机制，不引用印刷数值
T3-11,电力系统,时代 3,卡牌/科技/专利/时代3/电力系统.jpg,783,1231,CMYK,00c2b6938f3365f4d7be0d81104c22498aa252d4feea2515bbe8f3ed451920b9,工业与工程突破,工程尺度；人类劳动与技术突破,True,完整原图可直接展示，保留比例、中文和数值,环境扩展/独立场景,来源与尺寸已核对；宣传仅采用标题与概括机制，不引用印刷数值
T3-10,电磁学,时代 3,卡牌/科技/专利/时代3/电磁学.jpg,784,1231,CMYK,230d5e7178f783cc71d48cde73fe156b7e929ab0be84dd74cd976b010063a415,其他原图,备选，不纳入首批生成参考,False,完整原图可直接展示，保留比例、中文和数值,无；直接引用,来源与尺寸已核对；宣传仅采用标题与概括机制，不引用印刷数值
T3-06,蒸汽机,时代 3,卡牌/科技/专利/时代3/蒸汽机.jpg,782,1231,CMYK,1b93a3b210d06f6108ddc62eb28fdfe236bc0974926ddd2cc09e391873dd8b90,工业与工程突破,工程尺度；人类劳动与技术突破,True,完整原图可直接展示，保留比例、中文和数值,环境扩展/独立场景,来源与尺寸已核对；宣传仅采用标题与概括机制，不引用印刷数值
T3-02,解析几何,时代 3,卡牌/科技/专利/时代3/解析几何.jpg,782,1229,CMYK,f3179d9150f5bcdb68d9878d3266bc4712830c6cda77e255e9775fadfa10e1ef,其他原图,备选，不纳入首批生成参考,False,完整原图可直接展示，保留比例、中文和数值,无；直接引用,来源与尺寸已核对；宣传仅采用标题与概括机制，不引用印刷数值
T3-09,铁路与蒸汽运输,时代 3,卡牌/科技/专利/时代3/铁路与蒸汽运输.jpg,783,1230,CMYK,d68f6a7a094617989ef6c26988ade47930d86d6ff608ed348efbfe2f560d4679,工业与工程突破,工程尺度；人类劳动与技术突破,True,完整原图可直接展示，保留比例、中文和数值,环境扩展/独立场景,来源与尺寸已核对；宣传仅采用标题与概括机制，不引用印刷数值
T4-02,元素周期律,时代 4,卡牌/科技/专利/时代4/元素周期律.jpg,782,1232,CMYK,80be36f6da841292699c481c29c9790e97006acf2a1121e587efebd07017e40c,其他原图,备选，不纳入首批生成参考,False,完整原图可直接展示，保留比例、中文和数值,无；直接引用,来源与尺寸已核对；宣传仅采用标题与概括机制，不引用印刷数值
T4-06,内燃机,时代 4,卡牌/科技/专利/时代4/内燃机.jpg,782,1230,CMYK,e11803fee710e0c3929f651ee4eaa495a91ad154bf5a7c0d3c1098e0cf8a69d8,其他原图,备选，不纳入首批生成参考,False,完整原图可直接展示，保留比例、中文和数值,无；直接引用,来源与尺寸已核对；宣传仅采用标题与概括机制，不引用印刷数值
,卡背,时代 4,卡牌/科技/专利/时代4/卡背.png,784,1220,RGBA,31edd6a6613ed1ec2b1a571231dd048818acd33cace9753403aae00b38e866d2,玩家代入,直接展示桌游；资源、卡背或版图,True,完整原图可直接展示，保留比例、中文和数值,无；直接引用,来源与尺寸已核对；宣传仅采用标题与概括机制，不引用印刷数值
T4-10,原子弹与核武器,时代 4,卡牌/科技/专利/时代4/原子弹与核武器.jpg,782,1229,CMYK,34c72799a3cf380593f0f82f03d97cf3e563fb39f10397997531d66555e53927,其他原图,备选，不纳入首批生成参考,False,完整原图可直接展示，保留比例、中文和数值,无；直接引用,来源与尺寸已核对；宣传仅采用标题与概括机制，不引用印刷数值
T4-08,原子核物理,时代 4,卡牌/科技/专利/时代4/原子核物理.jpg,783,1230,CMYK,0185bcac355e413e7573aa306378b7da4721559d79679b176f3e84154f258bd2,其他原图,备选，不纳入首批生成参考,False,完整原图可直接展示，保留比例、中文和数值,无；直接引用,来源与尺寸已核对；宣传仅采用标题与概括机制，不引用印刷数值
T4-11,抗生素,时代 4,卡牌/科技/专利/时代4/抗生素.jpg,784,1231,CMYK,8050a080dccbcf525af07ff341c87489ad7fb08090bbba1c5ff76b276d2ab573,其他原图,备选，不纳入首批生成参考,False,完整原图可直接展示，保留比例、中文和数值,无；直接引用,来源与尺寸已核对；宣传仅采用标题与概括机制，不引用印刷数值
T4-03,李森科主义,时代 4,卡牌/科技/专利/时代4/李森科主义.jpg,784,1230,CMYK,38806dc2ce8fe2d62cd56e76bcab016ad9a5113bb945749267ad5a26feb1f179,其他原图,备选，不纳入首批生成参考,False,完整原图可直接展示，保留比例、中文和数值,无；直接引用,来源与尺寸已核对；宣传仅采用标题与概括机制，不引用印刷数值
T4-09,核裂变与核能,时代 4,卡牌/科技/专利/时代4/核裂变与核能.jpg,784,1230,CMYK,d81954a91a45b55ac4b0dd082e6acfed3d709f2febc0a75033c8baa234fa582f,其他原图,备选，不纳入首批生成参考,False,完整原图可直接展示，保留比例、中文和数值,无；直接引用,来源与尺寸已核对；宣传仅采用标题与概括机制，不引用印刷数值
T4-07,石油炼制与现代化工,时代 4,卡牌/科技/专利/时代4/石油炼制与现代化工.jpg,783,1230,CMYK,10be83140edb3404e405fa772e8209f1b823deef6b502b27cbd00338f3b7fefc,其他原图,备选，不纳入首批生成参考,False,完整原图可直接展示，保留比例、中文和数值,无；直接引用,来源与尺寸已核对；宣传仅采用标题与概括机制，不引用印刷数值
T4-05,航空,时代 4,卡牌/科技/专利/时代4/航空.jpg,782,1233,CMYK,77f1d015b8bb984e4c40c4ebbac68bf0546617ee576618ad07485f718daf0bb2,现代科学与技术,科学、技术与连接,True,完整原图可直接展示，保留比例、中文和数值,环境扩展/独立场景,来源与尺寸已核对；宣传仅采用标题与概括机制，不引用印刷数值
T4-04,达尔文进化论,时代 4,卡牌/科技/专利/时代4/达尔文进化论.jpg,783,1231,CMYK,28ba4816a4c4a9e1e8555794d280a38ee67db1fb92936d7b39383eb60a6e4c9c,其他原图,备选，不纳入首批生成参考,False,完整原图可直接展示，保留比例、中文和数值,无；直接引用,来源与尺寸已核对；宣传仅采用标题与概括机制，不引用印刷数值
T5-05,互联网,时代 5,卡牌/科技/专利/时代5/互联网.png,802,1240,RGBA,843922175efc17b1ad95b524c35292beaa89cb1be27ac7c0581bff94b3ae7c51,现代科学与技术,科学、技术与连接,True,完整原图可直接展示，保留比例、中文和数值,环境扩展/独立场景,来源与尺寸已核对；宣传仅采用标题与概括机制，不引用印刷数值
T5-04,信息论,时代 5,卡牌/科技/专利/时代5/信息论.png,802,1240,RGBA,93cc45d7121dfbc55e386f6a9ee24e7b7872e75b99f53a7f976dc25cadcf343a,其他原图,备选，不纳入首批生成参考,False,完整原图可直接展示，保留比例、中文和数值,无；直接引用,来源与尺寸已核对；宣传仅采用标题与概括机制，不引用印刷数值
T5-01,半导体物理,时代 5,卡牌/科技/专利/时代5/半导体物理.png,802,1243,RGBA,5e9a14056519e974c9f5854c8a0ab7238262cc36bc26bebee8af3b7faabfb29f,其他原图,备选，不纳入首批生成参考,False,完整原图可直接展示，保留比例、中文和数值,无；直接引用,来源与尺寸已核对；宣传仅采用标题与概括机制，不引用印刷数值
back-tech-5,卡背,时代 5,卡牌/科技/专利/时代5/卡背.png,784,1221,RGBA,446b0f5e3c25f31f3eeef58d54933142dfc0ed5df2c3abc7dcd8c8830efc42f0,玩家代入,直接展示桌游；资源、卡背或版图,True,完整原图可直接展示，保留比例、中文和数值,无；直接引用,来源与尺寸已核对；宣传仅采用标题与概括机制，不引用印刷数值
T5-07,巨型一体化压铸技术,时代 5,卡牌/科技/专利/时代5/巨型一体化压铸技术.png,802,1245,RGBA,b3a23d82027d8324623933ac168f72a7f041c278078c2a50d9a055be96bd7d92,其他原图,备选，不纳入首批生成参考,False,完整原图可直接展示，保留比例、中文和数值,无；直接引用,来源与尺寸已核对；宣传仅采用标题与概括机制，不引用印刷数值
T5-11,成瘾性药物,时代 5,卡牌/科技/专利/时代5/成瘾性药物.jpg,784,1229,CMYK,d3567903699326061e24e4c0a37f0f7a7d89939927d3d839fdb48555f919484c,其他原图,备选，不纳入首批生成参考,False,完整原图可直接展示，保留比例、中文和数值,无；直接引用,来源与尺寸已核对；宣传仅采用标题与概括机制，不引用印刷数值
T5-02,现代综合进化论与DNA,时代 5,卡牌/科技/专利/时代5/现代综合进化论与DNA.png,802,1240,RGBA,9311df3b39869734320f7ec18575a4802ad9461e589d86c4a7d35d8de9b55a46,其他原图,备选，不纳入首批生成参考,False,完整原图可直接展示，保留比例、中文和数值,无；直接引用,来源与尺寸已核对；宣传仅采用标题与概括机制，不引用印刷数值
T5-09,稳态宇宙论,时代 5,卡牌/科技/专利/时代5/稳态宇宙论.png,802,1243,RGBA,f1b99dd3a28b4e59a7bdadb0207503c82b0e01d4f67764f59f057f1a844a2b26,其他原图,备选，不纳入首批生成参考,False,完整原图可直接展示，保留比例、中文和数值,无；直接引用,来源与尺寸已核对；宣传仅采用标题与概括机制，不引用印刷数值
T5-03,集成电路,时代 5,卡牌/科技/专利/时代5/集成电路.png,802,1243,RGBA,039ab946ae90e0eca358bbfc6d802796c179672bea7896370cac3cb14e6ff98c,现代科学与技术,科学、技术与连接,True,完整原图可直接展示，保留比例、中文和数值,环境扩展/独立场景,来源与尺寸已核对；宣传仅采用标题与概括机制，不引用印刷数值
T1-03,农业与灌溉,时代 1,卡牌/科技/基础/时代1/农业与灌溉.png,786,1197,RGBA,2f4c1c498e3cb37f09f18464fb99bdaff7ce782db23f6f795f64eb374a8cd2e2,文明起点,文明起步；工具、聚落与土地,True,完整原图可直接展示，保留比例、中文和数值,环境扩展/独立场景,来源与尺寸已核对；宣传仅采用标题与概括机制，不引用印刷数值
back-tech-1,卡背,时代 1,卡牌/科技/基础/时代1/卡背.png,779,1185,RGBA,ba5d49c8728c22b79be556965d8fa491d0bb34b646dc18d6fc7b9663cc33aa6e,玩家代入,直接展示桌游；资源、卡背或版图,True,完整原图可直接展示，保留比例、中文和数值,无；直接引用,来源与尺寸已核对；宣传仅采用标题与概括机制，不引用印刷数值
T1-13,实验科学方法,时代 1,卡牌/科技/基础/时代1/实验科学方法.png,785,1194,RGBA,354dac47647b916e735b86ad8072065f2f0fd7de596af679dc6119cf1ae29460,其他原图,备选，不纳入首批生成参考,False,完整原图可直接展示，保留比例、中文和数值,无；直接引用,来源与尺寸已核对；宣传仅采用标题与概括机制，不引用印刷数值
T1-02,石器与复合工具,时代 1,卡牌/科技/基础/时代1/石器与复合工具.png,789,1196,RGBA,7d5cc707d8d40a1707c4c284384b132c36415c714bbf19cdfe5a6586f49305d5,其他原图,备选，不纳入首批生成参考,False,完整原图可直接展示，保留比例、中文和数值,无；直接引用,来源与尺寸已核对；宣传仅采用标题与概括机制，不引用印刷数值
T1-05,纺织与编织,时代 1,卡牌/科技/基础/时代1/纺织与编织.png,786,1198,RGBA,c5d41c3c6bc381b52d7ac7c4040b5b1f28e36406ddff41c93e2e9953c87c5938,其他原图,备选，不纳入首批生成参考,False,完整原图可直接展示，保留比例、中文和数值,无；直接引用,来源与尺寸已核对；宣传仅采用标题与概括机制，不引用印刷数值
T1-10,轮与车,时代 1,卡牌/科技/基础/时代1/轮与车.png,786,1194,RGBA,160d1529bffe2f4207d33e8996923f087d3028f283eb5fd235f1eb0e27609e78,文明起点,文明起步；工具、聚落与土地,True,完整原图可直接展示，保留比例、中文和数值,环境扩展/独立场景,来源与尺寸已核对；宣传仅采用标题与概括机制，不引用印刷数值
T1-04,陶器与窑烧,时代 1,卡牌/科技/基础/时代1/陶器与窑烧.png,786,1198,RGBA,c6f1e17b45ad5360f44c240dc1580041d7a97774b175a57dcd6f5403a6a01408,其他原图,备选，不纳入首批生成参考,False,完整原图可直接展示，保留比例、中文和数值,无；直接引用,来源与尺寸已核对；宣传仅采用标题与概括机制，不引用印刷数值
T1-01,驯火与热加工,时代 1,卡牌/科技/基础/时代1/驯火与热加工.png,786,1199,RGBA,5123e843765f5df4a123b176b012c6647511e640dbf11d8b890ea88ef1c3f257,文明起点,文明起步；工具、聚落与土地,True,完整原图可直接展示，保留比例、中文和数值,环境扩展/独立场景,来源与尺寸已核对；宣传仅采用标题与概括机制，不引用印刷数值
T2-04,代数学,时代 2,卡牌/科技/基础/时代2/代数学.jpg,786,1196,CMYK,e247918bc2ca7d21fb38efd5253c23160e7662cad6d21abb9e4a0de4c01214ba,其他原图,备选，不纳入首批生成参考,False,完整原图可直接展示，保留比例、中文和数值,无；直接引用,来源与尺寸已核对；宣传仅采用标题与概括机制，不引用印刷数值
back-tech-2,卡背,时代 2,卡牌/科技/基础/时代2/卡背.png,779,1186,RGBA,2192f54c44447396ea4a257f9637ff0b9e86b9e485099fc31447064c0d8d74c0,玩家代入,直接展示桌游；资源、卡背或版图,True,完整原图可直接展示，保留比例、中文和数值,无；直接引用,来源与尺寸已核对；宣传仅采用标题与概括机制，不引用印刷数值
T2-02,拱券与大型建筑,时代 2,卡牌/科技/基础/时代2/拱券与大型建筑.jpg,786,1196,CMYK,73490bb40a341c75087d52ef70644df5f2d1277a86a55de1dd3a2f5a91b32b40,其他原图,备选，不纳入首批生成参考,False,完整原图可直接展示，保留比例、中文和数值,无；直接引用,来源与尺寸已核对；宣传仅采用标题与概括机制，不引用印刷数值
T2-11,机械钟,时代 2,卡牌/科技/基础/时代2/机械钟.jpg,786,1198,CMYK,1476b0bdfecc2cae2bf17509b1fc2115a9cb3aa9882fb870f8ea53c856dcf841,其他原图,备选，不纳入首批生成参考,False,完整原图可直接展示，保留比例、中文和数值,无；直接引用,来源与尺寸已核对；宣传仅采用标题与概括机制，不引用印刷数值
T2-12,经典力学和万有引力,时代 2,卡牌/科技/基础/时代2/经典力学和万有引力.jpg,786,1195,CMYK,a78e4e07a7c49d5c8721db0f7f79f4160fe704998af63b0e8865a894730561e6,其他原图,备选，不纳入首批生成参考,False,完整原图可直接展示，保留比例、中文和数值,无；直接引用,来源与尺寸已核对；宣传仅采用标题与概括机制，不引用印刷数值
T2-01,远洋航海、测绘与指南针,时代 2,卡牌/科技/基础/时代2/远洋航海、测绘与指南针.jpg,786,1195,CMYK,a3468bab8ab545b6cad126be5f86fbeb3b38a961ffaf06f65b106b93d12de8bd,知识积累与传播,经验转化为知识；传播与探索,True,完整原图可直接展示，保留比例、中文和数值,环境扩展/独立场景,来源与尺寸已核对；宣传仅采用标题与概括机制，不引用印刷数值
back-tech-3,卡背,时代 3,卡牌/科技/基础/时代3/卡背.png,779,1186,RGBA,18937619300c0d73a4f186d25b590d66619fd681e2589a0eaa16b5d4385a186f,玩家代入,直接展示桌游；资源、卡背或版图,True,完整原图可直接展示，保留比例、中文和数值,无；直接引用,来源与尺寸已核对；宣传仅采用标题与概括机制，不引用印刷数值
T3-05,炼钢,时代 3,卡牌/科技/基础/时代3/炼钢.jpg,786,1195,CMYK,25b44fbb6a25da490d06d14e469483fe8961f41562d3248728f9833cc9823c3d,其他原图,备选，不纳入首批生成参考,False,完整原图可直接展示，保留比例、中文和数值,无；直接引用,来源与尺寸已核对；宣传仅采用标题与概括机制，不引用印刷数值
T3-01,近代化学：质量守恒与氧化,时代 3,卡牌/科技/基础/时代3/近代化学：质量守恒与氧化.jpg,787,1196,CMYK,33a1b292965887dbd3503c927dbe9cfdf622513d82dd2211786f9da772504b02,其他原图,备选，不纳入首批生成参考,False,完整原图可直接展示，保留比例、中文和数值,无；直接引用,来源与尺寸已核对；宣传仅采用标题与概括机制，不引用印刷数值
T3-12,量子理论,时代 3,卡牌/科技/基础/时代3/量子理论.jpg,786,1196,CMYK,059816916617c630f11a35865f1ccbee40294de0d0fbd9553758625d48b1839a,其他原图,备选，不纳入首批生成参考,False,完整原图可直接展示，保留比例、中文和数值,无；直接引用,来源与尺寸已核对；宣传仅采用标题与概括机制，不引用印刷数值
back-tech-4,卡背,时代 4,卡牌/科技/基础/时代4/卡背.png,779,1185,RGBA,a5d2f8e661229e6f4410aa23f0a425bf1f288fa67426761fb04d2cac110e648b,玩家代入,直接展示桌游；资源、卡背或版图,True,完整原图可直接展示，保留比例、中文和数值,无；直接引用,来源与尺寸已核对；宣传仅采用标题与概括机制，不引用印刷数值
T4-12,电子计算机,时代 4,卡牌/科技/基础/时代4/电子计算机.jpg,786,1195,CMYK,49fada1258676d2fe7138b1ce9168464ce7043bc02d99cf24cbdd39c2e996b81,现代科学与技术,科学、技术与连接,True,完整原图可直接展示，保留比例、中文和数值,环境扩展/独立场景,来源与尺寸已核对；宣传仅采用标题与概括机制，不引用印刷数值
T4-01,相对论,时代 4,卡牌/科技/基础/时代4/相对论.jpg,788,1196,CMYK,bde8069b451fd35cd7c25c51503566f39b9a906292476461a946c86d34dd8e51,其他原图,备选，不纳入首批生成参考,False,完整原图可直接展示，保留比例、中文和数值,无；直接引用,来源与尺寸已核对；宣传仅采用标题与概括机制，不引用印刷数值
back-final,卡背,最终科技,卡牌/科技/最终/卡背.png,790,1221,RGBA,b5259f7ff831fbb7bc06dcc9ecc074dddd8bd11be87801f0bdb91a2d251642e9,玩家代入,直接展示桌游；资源、卡背或版图,True,完整原图可直接展示，保留比例、中文和数值,无；直接引用,来源与尺寸已核对；宣传仅采用标题与概括机制，不引用印刷数值
T5-08,宇宙航行,最终科技,卡牌/科技/最终/宇宙航行.png,802,1246,RGBA,9f7f719d9934d591e8dd8fa4a9ebe5eaa62c668f19e8ac5fca53178b3aa7d253,未来愿景,游戏未来愿景；探索未知,True,完整原图可直接展示，保留比例、中文和数值,环境扩展/独立场景,来源与尺寸已核对；宣传仅采用标题与概括机制，不引用印刷数值
T5-10,脑机接口,最终科技,卡牌/科技/最终/脑机接口.png,803,1242,RGBA,5f98cdb0a625af38bdffa7e3dd86d38762b6cd99156b02f28285c59fbf0a2d25,未来愿景,游戏未来愿景；探索未知,True,完整原图可直接展示，保留比例、中文和数值,环境扩展/独立场景,来源与尺寸已核对；宣传仅采用标题与概括机制，不引用印刷数值
T5-06,通用人工智能,最终科技,卡牌/科技/最终/通用人工智能.png,802,1243,RGBA,65625bf2ad94cbfbf104cdd01ed79adfbc058daadda4f97d3bfda24667eeff98,未来愿景,游戏未来愿景；探索未知,True,完整原图可直接展示，保留比例、中文和数值,环境扩展/独立场景,来源与尺寸已核对；宣传仅采用标题与概括机制，不引用印刷数值
R1-1,人力1,通用,卡牌/资源/人力1.png,855,1328,RGBA,8279b6081f30d0320c3a26b2c8cf08e419886b2dd832b403fe6e0357a659577e,玩家代入,直接展示桌游；资源、卡背或版图,True,完整原图可直接展示，保留比例、中文和数值,无；直接引用,来源与尺寸已核对；宣传仅采用标题与概括机制，不引用印刷数值
R1-10,人力10,通用,卡牌/资源/人力10.png,855,1328,RGBA,060b60329d7b14610a2222eb72dc4c74a9a8b009d5e1de58c1a9d1ae5a4af8b0,玩家代入,直接展示桌游；资源、卡背或版图,True,完整原图可直接展示，保留比例、中文和数值,无；直接引用,来源与尺寸已核对；宣传仅采用标题与概括机制，不引用印刷数值
R1-2,人力2,通用,卡牌/资源/人力2.png,855,1328,RGBA,c34d717aa26c1513a3aec233bb92a05b22d797c00a25732fd822da5f7034bd18,玩家代入,直接展示桌游；资源、卡背或版图,True,完整原图可直接展示，保留比例、中文和数值,无；直接引用,来源与尺寸已核对；宣传仅采用标题与概括机制，不引用印刷数值
R1-5,人力5,通用,卡牌/资源/人力5.png,855,1328,RGBA,5066e87761b1addd257daacf92bbe957be147d176b3a3df452f056a54e81f4ca,玩家代入,直接展示桌游；资源、卡背或版图,True,完整原图可直接展示，保留比例、中文和数值,无；直接引用,来源与尺寸已核对；宣传仅采用标题与概括机制，不引用印刷数值
back-resource,卡背,通用,卡牌/资源/卡背.png,855,1328,RGBA,76673755a6f553733d19c27321e211fdacb644d5c468dbf061b14b38705b82a7,玩家代入,直接展示桌游；资源、卡背或版图,True,完整原图可直接展示，保留比例、中文和数值,无；直接引用,来源与尺寸已核对；宣传仅采用标题与概括机制，不引用印刷数值
R2-1,矿物1,通用,卡牌/资源/矿物1.png,855,1328,RGBA,b25a0d82bd9b183cc193cae9eeabcdcce592e140a7c755feb444f8f9ea21a359,玩家代入,直接展示桌游；资源、卡背或版图,True,完整原图可直接展示，保留比例、中文和数值,无；直接引用,来源与尺寸已核对；宣传仅采用标题与概括机制，不引用印刷数值
R2-10,矿物10,通用,卡牌/资源/矿物10.png,855,1328,RGBA,dcfa82dd8beacd1aa6222ca9b166a0354b37bf0d99d14ab572466df66f0c0b74,玩家代入,直接展示桌游；资源、卡背或版图,True,完整原图可直接展示，保留比例、中文和数值,无；直接引用,来源与尺寸已核对；宣传仅采用标题与概括机制，不引用印刷数值
R2-2,矿物2,通用,卡牌/资源/矿物2.png,855,1328,RGBA,a64d839532861412f9ddd3edbfcd5333b93d08cd2d1b91314a500d5686ebb151,玩家代入,直接展示桌游；资源、卡背或版图,True,完整原图可直接展示，保留比例、中文和数值,无；直接引用,来源与尺寸已核对；宣传仅采用标题与概括机制，不引用印刷数值
R2-5,矿物5,通用,卡牌/资源/矿物5.png,855,1328,RGBA,64757e5c9435acc015a808ab9605eb8acc4eeb62c7f51d3f24607e8bb5832754,玩家代入,直接展示桌游；资源、卡背或版图,True,完整原图可直接展示，保留比例、中文和数值,无；直接引用,来源与尺寸已核对；宣传仅采用标题与概括机制，不引用印刷数值
R0-1,金币1,通用,卡牌/资源/金币1.png,855,1328,RGBA,186aa0858a9666c2ce2cddc122700497923f48254b925de53ddb897c824af657,玩家代入,直接展示桌游；资源、卡背或版图,True,完整原图可直接展示，保留比例、中文和数值,无；直接引用,来源与尺寸已核对；宣传仅采用标题与概括机制，不引用印刷数值
R0-10,金币10,通用,卡牌/资源/金币10.png,855,1328,RGBA,2cc9db77a204e32e316c856ed79e703528ae3a97df82c28b822f635b6d1cbbec,玩家代入,直接展示桌游；资源、卡背或版图,True,完整原图可直接展示，保留比例、中文和数值,无；直接引用,来源与尺寸已核对；宣传仅采用标题与概括机制，不引用印刷数值
R0-2,金币2,通用,卡牌/资源/金币2.png,855,1328,RGBA,6089b3536986856eebaf2a3ee6794b88291bc5d3f211a47f3e9d231d1e406939,玩家代入,直接展示桌游；资源、卡背或版图,True,完整原图可直接展示，保留比例、中文和数值,无；直接引用,来源与尺寸已核对；宣传仅采用标题与概括机制，不引用印刷数值
R0-5,金币5,通用,卡牌/资源/金币5.png,855,1328,RGBA,72b5c3b6d77ee3518688cb01dbb9b880298d9e52cbe20d99e42c639ff08cec9b,玩家代入,直接展示桌游；资源、卡背或版图,True,完整原图可直接展示，保留比例、中文和数值,无；直接引用,来源与尺寸已核对；宣传仅采用标题与概括机制，不引用印刷数值
board,版图,通用,版图/版图.png,7087,7087,RGBA,5248b322fd816ca2522d5bc5ee492a225a1fdc95612cc65a654b6fac98370306,玩家代入,直接展示桌游；资源、卡背或版图,True,完整原图可直接展示，保留比例、中文和数值,无；直接引用,来源与尺寸已核对；宣传仅采用标题与概括机制，不引用印刷数值
